HRR,Time_Period,Total_Hospital_Beds,Available_Hospital_Beds,Hospital_Beds_Needed,Total_ICU_Beds,Available_ICU_Beds,ICU_Beds_Needed,Bed_Occupancy_Rate,ICU_Occupancy_Rate
"Abilene, TX",6 Months,980,565,638,127,68,139,65.10204082,109.4488189
"Abilene, TX",12 Months,980,565,319,127,68,70,32.55102041,55.11811024
"Abilene, TX",18 Months,980,565,208,127,68,45,21.2244898,35.43307087
"Akron, OH",6 Months,1358,518,1529,186,94,331,112.5920471,177.9569892
"Akron, OH",12 Months,1358,518,764,186,94,165,56.25920471,88.70967742
"Akron, OH",18 Months,1358,518,499,186,94,108,36.74521355,58.06451613
"Alameda County, CA",6 Months,2695,665,3591,293,139,760,133.2467532,259.3856655
"Alameda County, CA",12 Months,2695,665,1796,293,139,380,66.6419295,129.6928328
"Alameda County, CA",18 Months,2695,665,1171,293,139,248,43.45083488,84.64163823
"Albany, GA",6 Months,704,221,437,60,27,94,62.07386364,156.6666667
"Albany, GA",12 Months,704,221,218,60,27,47,30.96590909,78.33333333
"Albany, GA",18 Months,704,221,142,60,27,31,20.17045455,51.66666667
"Albany, NY",6 Months,4804,1579,4147,425,193,903,86.32389675,212.4705882
"Albany, NY",12 Months,4804,1579,2074,425,193,452,43.17235637,106.3529412
"Albany, NY",18 Months,4804,1579,1352,425,193,294,28.14321399,69.17647059
"Albuquerque, NM",6 Months,2908,1102,3741,380,161,812,128.6451169,213.6842105
"Albuquerque, NM",12 Months,2908,1102,1870,380,161,406,64.30536451,106.8421053
"Albuquerque, NM",18 Months,2908,1102,1220,380,161,265,41.95323246,69.73684211
"Alexandria, LA",6 Months,917,402,618,43,20,133,67.39367503,309.3023256
"Alexandria, LA",12 Months,917,402,309,43,20,67,33.69683751,155.8139535
"Alexandria, LA",18 Months,917,402,201,43,20,44,21.91930207,102.3255814
"Allentown, PA",6 Months,3267,1267,2696,334,143,587,82.52219161,175.748503
"Allentown, PA",12 Months,3267,1267,1348,334,143,294,41.26109581,88.0239521
"Allentown, PA",18 Months,3267,1267,879,334,143,191,26.90541781,57.18562874
"Altoona, PA",6 Months,555,234,666,61,27,147,120,240.9836066
"Altoona, PA",12 Months,555,234,333,61,27,73,60,119.6721311
"Altoona, PA",18 Months,555,234,217,61,27,48,39.0990991,78.68852459
"Amarillo, TX",6 Months,1236,678,920,194,79,197,74.43365696,101.5463918
"Amarillo, TX",12 Months,1236,678,460,194,79,98,37.21682848,50.51546392
"Amarillo, TX",18 Months,1236,678,300,194,79,64,24.27184466,32.98969072
"Anchorage, AK",6 Months,1583,533,1492,130,55,310,94.25142135,238.4615385
"Anchorage, AK",12 Months,1583,533,746,130,55,155,47.12571068,119.2307692
"Anchorage, AK",18 Months,1583,533,487,130,55,101,30.76437145,77.69230769
"Ann Arbor, MI",6 Months,3014,876,3091,406,122,663,102.5547445,163.3004926
"Ann Arbor, MI",12 Months,3014,876,1546,406,122,331,51.29396151,81.5270936
"Ann Arbor, MI",18 Months,3014,876,1008,406,122,216,33.44392833,53.20197044
"Appleton, WI",6 Months,448,222,711,72,37,154,158.7053571,213.8888889
"Appleton, WI",12 Months,448,222,356,72,37,77,79.46428571,106.9444444
"Appleton, WI",18 Months,448,222,232,72,37,50,51.78571429,69.44444444
"Arlington, VA",6 Months,3116,995,5180,450,173,1082,166.2387677,240.4444444
"Arlington, VA",12 Months,3116,995,2590,450,173,541,83.11938383,120.2222222
"Arlington, VA",18 Months,3116,995,1689,450,173,353,54.20410783,78.44444444
"Asheville, NC",6 Months,1541,556,1587,232,76,354,102.9850746,152.5862069
"Asheville, NC",12 Months,1541,556,793,232,76,177,51.46009085,76.29310345
"Asheville, NC",18 Months,1541,556,517,232,76,116,33.54964309,50
"Atlanta, GA",6 Months,12780,3338,13748,1621,436,2901,107.5743349,178.9636027
"Atlanta, GA",12 Months,12780,3338,6874,1621,436,1450,53.78716745,89.4509562
"Atlanta, GA",18 Months,12780,3338,4483,1621,436,946,35.07824726,58.35903763
"Augusta, GA",6 Months,2194,831,1502,349,106,324,68.45943482,92.83667622
"Augusta, GA",12 Months,2194,831,751,349,106,162,34.22971741,46.41833811
"Augusta, GA",18 Months,2194,831,490,349,106,106,22.33363719,30.37249284
"Aurora, IL",6 Months,527,286,665,55,25,139,126.1859583,252.7272727
"Aurora, IL",12 Months,527,286,333,55,25,69,63.18785579,125.4545455
"Aurora, IL",18 Months,527,286,217,55,25,45,41.17647059,81.81818182
"Austin, TX",6 Months,2775,1003,4123,393,161,859,148.5765766,218.5750636
"Austin, TX",12 Months,2775,1003,2062,393,161,429,74.30630631,109.1603053
"Austin, TX",18 Months,2775,1003,1345,393,161,280,48.46846847,71.24681934
"Bakersfield, CA",6 Months,2429,692,2302,191,88,482,94.77151091,252.3560209
"Bakersfield, CA",12 Months,2429,692,1151,191,88,241,47.38575545,126.1780105
"Bakersfield, CA",18 Months,2429,692,751,191,88,157,30.91807328,82.19895288
"Baltimore, MD",6 Months,6931,1887,5586,844,303,1198,80.59443082,141.943128
"Baltimore, MD",12 Months,6931,1887,2793,844,303,599,40.29721541,70.97156398
"Baltimore, MD",18 Months,6931,1887,1821,844,303,391,26.27326504,46.32701422
"Bangor, ME",6 Months,1094,400,906,100,28,200,82.81535649,200
"Bangor, ME",12 Months,1094,400,453,100,28,100,41.40767824,100
"Bangor, ME",18 Months,1094,400,295,100,28,65,26.96526508,65
"Baton Rouge, LA",6 Months,2898,1159,2053,249,119,436,70.84195997,175.1004016
"Baton Rouge, LA",12 Months,2898,1159,1026,249,119,218,35.40372671,87.5502008
"Baton Rouge, LA",18 Months,2898,1159,669,249,119,142,23.08488613,57.02811245
"Beaumont, TX",6 Months,908,421,992,114,43,214,109.2511013,187.7192982
"Beaumont, TX",12 Months,908,421,496,114,43,107,54.62555066,93.85964912
"Beaumont, TX",18 Months,908,421,324,114,43,70,35.68281938,61.40350877
"Bend, OR",6 Months,415,182,541,38,17,120,130.3614458,315.7894737
"Bend, OR",12 Months,415,182,270,38,17,60,65.06024096,157.8947368
"Bend, OR",18 Months,415,182,176,38,17,39,42.40963855,102.6315789
"Billings, MT",6 Months,2432,931,1331,148,65,288,54.72861842,194.5945946
"Billings, MT",12 Months,2432,931,665,148,65,144,27.34375,97.2972973
"Billings, MT",18 Months,2432,931,434,148,65,94,17.84539474,63.51351351
"Binghamton, NY",6 Months,1005,365,810,54,17,178,80.59701493,329.6296296
"Binghamton, NY",12 Months,1005,365,405,54,17,89,40.29850746,164.8148148
"Binghamton, NY",18 Months,1005,365,264,54,17,58,26.26865672,107.4074074
"Birmingham, AL",6 Months,7297,2756,4958,991,342,1074,67.94573112,108.3753784
"Birmingham, AL",12 Months,7297,2756,2479,991,342,537,33.97286556,54.1876892
"Birmingham, AL",18 Months,7297,2756,1617,991,342,350,22.1597917,35.31786075
"Bismarck, ND",6 Months,970,422,512,80,43,111,52.78350515,138.75
"Bismarck, ND",12 Months,970,422,256,80,43,56,26.39175258,70
"Bismarck, ND",18 Months,970,422,167,80,43,36,17.21649485,45
"Bloomington, IL",6 Months,394,201,440,35,10,93,111.6751269,265.7142857
"Bloomington, IL",12 Months,394,201,220,35,10,46,55.83756345,131.4285714
"Bloomington, IL",18 Months,394,201,144,35,10,30,36.54822335,85.71428571
"Blue Island, IL",6 Months,2053,583,1870,308,118,404,91.08621529,131.1688312
"Blue Island, IL",12 Months,2053,583,935,308,118,202,45.54310765,65.58441558
"Blue Island, IL",18 Months,2053,583,610,308,118,132,29.71261568,42.85714286
"Boise, ID",6 Months,1773,848,1947,186,95,419,109.8138748,225.2688172
"Boise, ID",12 Months,1773,848,974,186,95,209,54.93513818,112.3655914
"Boise, ID",18 Months,1773,848,635,186,95,137,35.81500282,73.65591398
"Boston, MA",6 Months,10239,2548,11180,1157,438,2407,109.1903506,208.0380294
"Boston, MA",12 Months,10239,2548,5590,1157,438,1203,54.59517531,103.9757995
"Boston, MA",18 Months,10239,2548,3646,1157,438,785,35.60894619,67.84788245
"Boulder, CO",6 Months,640,297,731,90,43,154,114.21875,171.1111111
"Boulder, CO",12 Months,640,297,365,90,43,77,57.03125,85.55555556
"Boulder, CO",18 Months,640,297,238,90,43,50,37.1875,55.55555556
"Bradenton, FL",6 Months,822,342,780,104,49,178,94.89051095,171.1538462
"Bradenton, FL",12 Months,822,342,390,104,49,89,47.44525547,85.57692308
"Bradenton, FL",18 Months,822,342,254,104,49,58,30.90024331,55.76923077
"Bridgeport, CT",6 Months,1354,370,1495,132,65,321,110.4135894,243.1818182
"Bridgeport, CT",12 Months,1354,370,748,132,65,160,55.2437223,121.2121212
"Bridgeport, CT",18 Months,1354,370,488,132,65,105,36.04135894,79.54545455
"Bronx, NY",6 Months,4012,807,2989,282,115,629,74.50149551,223.0496454
"Bronx, NY",12 Months,4012,807,1495,282,115,315,37.26321037,111.7021277
"Bronx, NY",18 Months,4012,807,975,282,115,205,24.30209372,72.69503546
"Bryan, TX",6 Months,579,317,625,64,34,130,107.9447323,203.125
"Bryan, TX",12 Months,579,317,313,64,34,65,54.05872193,101.5625
"Bryan, TX",18 Months,579,317,204,64,34,43,35.23316062,67.1875
"Buffalo, NY",6 Months,4713,1228,3059,323,95,666,64.90558031,206.1919505
"Buffalo, NY",12 Months,4713,1228,1530,323,95,333,32.46339911,103.0959752
"Buffalo, NY",18 Months,4713,1228,998,323,95,217,21.1754721,67.18266254
"Burlington, VT",6 Months,1743,587,1456,117,65,314,83.53413655,268.3760684
"Burlington, VT",12 Months,1743,587,728,117,65,157,41.76706827,134.1880342
"Burlington, VT",18 Months,1743,587,475,117,65,102,27.2518646,87.17948718
"Camden, NJ",6 Months,6527,2294,6215,701,293,1357,95.21985598,193.5805991
"Camden, NJ",12 Months,6527,2294,3108,701,293,679,47.61758848,96.86162625
"Camden, NJ",18 Months,6527,2294,2027,701,293,443,31.05561514,63.19543509
"Canton, OH",6 Months,1441,706,1399,209,97,307,97.08535739,146.8899522
"Canton, OH",12 Months,1441,706,700,209,97,154,48.57737682,73.68421053
"Canton, OH",18 Months,1441,706,456,209,97,100,31.64469119,47.84688995
"Cape Girardeau, MO",6 Months,859,398,571,80,43,125,66.47264261,156.25
"Cape Girardeau, MO",12 Months,859,398,286,80,43,62,33.29452852,77.5
"Cape Girardeau, MO",18 Months,859,398,186,80,43,41,21.65308498,51.25
"Casper, WY",6 Months,633,378,428,32,20,93,67.61453397,290.625
"Casper, WY",12 Months,633,378,214,32,20,46,33.80726698,143.75
"Casper, WY",18 Months,633,378,139,32,20,30,21.95892575,93.75
"Cedar Rapids, IA",6 Months,799,364,656,44,22,142,82.10262829,322.7272727
"Cedar Rapids, IA",12 Months,799,364,328,44,22,71,41.05131414,161.3636364
"Cedar Rapids, IA",18 Months,799,364,214,44,22,46,26.78347935,104.5454545
"Charleston, SC",6 Months,3013,975,2565,329,101,558,85.13109857,169.6048632
"Charleston, SC",12 Months,3013,975,1283,329,101,279,42.58214404,84.80243161
"Charleston, SC",18 Months,3013,975,836,329,101,182,27.74643213,55.31914894
"Charleston, WV",6 Months,2620,1167,1844,284,97,407,70.38167939,143.3098592
"Charleston, WV",12 Months,2620,1167,922,284,97,203,35.19083969,71.47887324
"Charleston, WV",18 Months,2620,1167,601,284,97,133,22.9389313,46.83098592
"Charlotte, NC",6 Months,4873,1465,5576,770,249,1187,114.4264314,154.1558442
"Charlotte, NC",12 Months,4873,1465,2788,770,249,594,57.21321568,77.14285714
"Charlotte, NC",18 Months,4873,1465,1818,770,249,387,37.30761338,50.25974026
"Charlottesville, VA",6 Months,1326,433,1338,155,35,291,100.9049774,187.7419355
"Charlottesville, VA",12 Months,1326,433,669,155,35,145,50.45248869,93.5483871
"Charlottesville, VA",18 Months,1326,433,436,155,35,95,32.88084465,61.29032258
"Chattanooga, TN",6 Months,1928,651,1591,247,59,346,82.52074689,140.0809717
"Chattanooga, TN",12 Months,1928,651,796,247,59,173,41.28630705,70.04048583
"Chattanooga, TN",18 Months,1928,651,519,247,59,113,26.91908714,45.74898785
"Chicago, IL",6 Months,7764,3161,5569,912,312,1169,71.72849047,128.1798246
"Chicago, IL",12 Months,7764,3161,2784,912,312,584,35.85780526,64.03508772
"Chicago, IL",18 Months,7764,3161,1816,912,312,381,23.39000515,41.77631579
"Chico, CA",6 Months,537,153,676,51,23,148,125.8845438,290.1960784
"Chico, CA",12 Months,537,153,338,51,23,74,62.94227188,145.0980392
"Chico, CA",18 Months,537,153,220,51,23,48,40.96834264,94.11764706
"Cincinnati, OH",6 Months,3808,1537,3588,567,185,770,94.22268908,135.8024691
"Cincinnati, OH",12 Months,3808,1537,1794,567,185,385,47.11134454,67.90123457
"Cincinnati, OH",18 Months,3808,1537,1170,567,185,251,30.72478992,44.2680776
"Clearwater, FL",6 Months,1571,719,1268,160,44,288,80.71292171,180
"Clearwater, FL",12 Months,1571,719,634,160,44,144,40.35646085,90
"Clearwater, FL",18 Months,1571,719,414,160,44,94,26.35264163,58.75
"Cleveland, OH",6 Months,7233,2631,4509,885,306,984,62.33927831,111.1864407
"Cleveland, OH",12 Months,7233,2631,2254,885,306,492,31.16272639,55.59322034
"Cleveland, OH",18 Months,7233,2631,1470,885,306,321,20.32351721,36.27118644
"Colorado Springs, CO",6 Months,1295,555,1858,149,62,396,143.4749035,265.7718121
"Colorado Springs, CO",12 Months,1295,555,929,149,62,198,71.73745174,132.885906
"Colorado Springs, CO",18 Months,1295,555,606,149,62,129,46.7953668,86.57718121
"Columbia, MO",6 Months,1883,901,1560,199,77,338,82.84652151,169.8492462
"Columbia, MO",12 Months,1883,901,780,199,77,169,41.42326075,84.92462312
"Columbia, MO",18 Months,1883,901,509,199,77,110,27.03133298,55.27638191
"Columbia, SC",6 Months,3026,1053,2712,398,151,584,89.62326504,146.7336683
"Columbia, SC",12 Months,3026,1053,1356,398,151,292,44.81163252,73.36683417
"Columbia, SC",18 Months,3026,1053,884,398,151,190,29.21348315,47.73869347
"Columbus, GA",6 Months,1105,547,772,75,33,164,69.86425339,218.6666667
"Columbus, GA",12 Months,1105,547,386,75,33,82,34.9321267,109.3333333
"Columbus, GA",18 Months,1105,547,252,75,33,54,22.80542986,72
"Columbus, OH",6 Months,6449,2792,6653,679,235,1423,103.1632811,209.5729013
"Columbus, OH",12 Months,6449,2792,3327,679,235,712,51.5893937,104.8600884
"Columbus, OH",18 Months,6449,2792,2170,679,235,464,33.64862769,68.33578792
"Contra Costa County, CA",6 Months,1727,675,2341,203,81,502,135.552982,247.2906404
"Contra Costa County, CA",12 Months,1727,675,1171,203,81,251,67.80544296,123.6453202
"Contra Costa County, CA",18 Months,1727,675,763,203,81,164,44.1806601,80.78817734
"Corpus Christi, TX",6 Months,1135,357,1220,167,38,262,107.4889868,156.8862275
"Corpus Christi, TX",12 Months,1135,357,610,167,38,131,53.74449339,78.44311377
"Corpus Christi, TX",18 Months,1135,357,398,167,38,85,35.0660793,50.89820359
"Covington, KY",6 Months,828,280,901,93,39,192,108.8164251,206.4516129
"Covington, KY",12 Months,828,280,450,93,39,96,54.34782609,103.2258065
"Covington, KY",18 Months,828,280,294,93,39,63,35.50724638,67.74193548
"Dallas, TX",6 Months,10585,3679,10666,1292,450,2237,100.7652338,173.1424149
"Dallas, TX",12 Months,10585,3679,5333,1292,450,1119,50.38261691,86.60990712
"Dallas, TX",18 Months,10585,3679,3478,1292,450,729,32.85781767,56.42414861
"Danville, PA",6 Months,1664,510,1346,171,33,292,80.88942308,170.7602339
"Danville, PA",12 Months,1664,510,673,171,33,146,40.44471154,85.38011696
"Danville, PA",18 Months,1664,510,439,171,33,95,26.38221154,55.55555556
"Davenport, IA",6 Months,1614,699,1071,139,66,235,66.35687732,169.0647482
"Davenport, IA",12 Months,1614,699,535,139,66,117,33.14745973,84.17266187
"Davenport, IA",18 Months,1614,699,349,139,66,76,21.62329616,54.67625899
"Dayton, OH",6 Months,2070,749,2316,294,89,504,111.884058,171.4285714
"Dayton, OH",12 Months,2070,749,1158,294,89,252,55.94202899,85.71428571
"Dayton, OH",18 Months,2070,749,755,294,89,164,36.47342995,55.78231293
"Dearborn, MI",6 Months,1439,462,1065,188,95,230,74.00972898,122.3404255
"Dearborn, MI",12 Months,1439,462,532,188,95,115,36.97011814,61.17021277
"Dearborn, MI",18 Months,1439,462,347,188,95,75,24.11396803,39.89361702
"Denver, CO",6 Months,5593,2269,6511,843,325,1374,116.4133739,162.9893238
"Denver, CO",12 Months,5593,2269,3256,843,325,687,58.21562668,81.49466192
"Denver, CO",18 Months,5593,2269,2123,843,325,448,37.95816199,53.14353499
"Des Moines, IA",6 Months,2760,1193,2417,173,76,520,87.57246377,300.5780347
"Des Moines, IA",12 Months,2760,1193,1209,173,76,260,43.80434783,150.2890173
"Des Moines, IA",18 Months,2760,1193,788,173,76,170,28.55072464,98.26589595
"Detroit, MI",6 Months,4123,1333,3655,509,163,786,88.64904196,154.4204322
"Detroit, MI",12 Months,4123,1333,1828,509,163,393,44.33664807,77.21021611
"Detroit, MI",18 Months,4123,1333,1192,509,163,256,28.91098715,50.29469548
"Dothan, AL",6 Months,1335,504,818,108,33,179,61.27340824,165.7407407
"Dothan, AL",12 Months,1335,504,409,108,33,90,30.63670412,83.33333333
"Dothan, AL",18 Months,1335,504,267,108,33,58,20,53.7037037
"Dubuque, IA",6 Months,518,228,355,18,8,78,68.53281853,433.3333333
"Dubuque, IA",12 Months,518,228,177,18,8,39,34.16988417,216.6666667
"Dubuque, IA",18 Months,518,228,116,18,8,25,22.39382239,138.8888889
"Duluth, MN",6 Months,1319,508,776,217,73,170,58.83244882,78.34101382
"Duluth, MN",12 Months,1319,508,388,217,73,85,29.41622441,39.17050691
"Duluth, MN",18 Months,1319,508,253,217,73,56,19.18119788,25.80645161
"Durham, NC",6 Months,4505,1125,3064,790,241,663,68.01331853,83.92405063
"Durham, NC",12 Months,4505,1125,1532,790,241,332,34.00665927,42.02531646
"Durham, NC",18 Months,4505,1125,999,790,241,216,22.17536071,27.34177215
"East Long Island, NY",6 Months,9897,1230,10607,928,235,2287,107.1738911,246.4439655
"East Long Island, NY",12 Months,9897,1230,5303,928,235,1143,53.5818935,123.1681034
"East Long Island, NY",18 Months,9897,1230,3459,928,235,746,34.94998484,80.38793103
"El Paso, TX",6 Months,2086,753,2311,274,51,492,110.7861937,179.5620438
"El Paso, TX",12 Months,2086,753,1156,274,51,246,55.41706616,89.7810219
"El Paso, TX",18 Months,2086,753,754,274,51,160,36.14573346,58.39416058
"Elgin, IL",6 Months,1239,475,1675,142,67,355,135.1896691,250
"Elgin, IL",12 Months,1239,475,837,142,67,177,67.55447942,124.6478873
"Elgin, IL",18 Months,1239,475,546,142,67,116,44.06779661,81.69014085
"Elmira, NY",6 Months,1036,361,720,94,14,158,69.4980695,168.0851064
"Elmira, NY",12 Months,1036,361,360,94,14,79,34.74903475,84.04255319
"Elmira, NY",18 Months,1036,361,235,94,14,52,22.68339768,55.31914894
"Elyria, OH",6 Months,453,214,563,63,21,123,124.2825607,195.2380952
"Elyria, OH",12 Months,453,214,282,63,21,61,62.25165563,96.82539683
"Elyria, OH",18 Months,453,214,184,63,21,40,40.61810155,63.49206349
"Erie, PA",6 Months,1904,706,1586,184,88,348,83.29831933,189.1304348
"Erie, PA",12 Months,1904,706,793,184,88,174,41.64915966,94.56521739
"Erie, PA",18 Months,1904,706,517,184,88,114,27.15336134,61.95652174
"Eugene, OR",6 Months,1208,416,1708,138,64,375,141.3907285,271.7391304
"Eugene, OR",12 Months,1208,416,854,138,64,188,70.69536424,136.2318841
"Eugene, OR",18 Months,1208,416,557,138,64,122,46.10927152,88.4057971
"Evanston, IL",6 Months,2032,666,2010,332,137,441,98.91732283,132.8313253
"Evanston, IL",12 Months,2032,666,1005,332,137,220,49.45866142,66.26506024
"Evanston, IL",18 Months,2032,666,655,332,137,144,32.23425197,43.37349398
"Evansville, IN",6 Months,2154,1050,1486,328,157,324,68.98792943,98.7804878
"Evansville, IN",12 Months,2154,1050,743,328,157,162,34.49396472,49.3902439
"Evansville, IN",18 Months,2154,1050,485,328,157,106,22.51624884,32.31707317
"Everett, WA",6 Months,951,319,1507,83,26,324,158.4647739,390.3614458
"Everett, WA",12 Months,951,319,753,83,26,162,79.17981073,195.1807229
"Everett, WA",18 Months,951,319,491,83,26,106,51.6298633,127.7108434
"Fargo/Moorhead MN, ND",6 Months,1872,734,1209,180,48,262,64.58333333,145.5555556
"Fargo/Moorhead MN, ND",12 Months,1872,734,604,180,48,131,32.26495726,72.77777778
"Fargo/Moorhead MN, ND",18 Months,1872,734,394,180,48,86,21.04700855,47.77777778
"Flint, MI",6 Months,1375,458,1194,161,58,259,86.83636364,160.8695652
"Flint, MI",12 Months,1375,458,597,161,58,130,43.41818182,80.74534161
"Flint, MI",18 Months,1375,458,389,161,58,84,28.29090909,52.17391304
"Florence, SC",6 Months,1248,481,809,224,79,176,64.82371795,78.57142857
"Florence, SC",12 Months,1248,481,404,224,79,88,32.37179487,39.28571429
"Florence, SC",18 Months,1248,481,264,224,79,58,21.15384615,25.89285714
"Fort Collins, CO",6 Months,704,341,789,31,14,167,112.0738636,538.7096774
"Fort Collins, CO",12 Months,704,341,395,31,14,84,56.10795455,270.9677419
"Fort Collins, CO",18 Months,704,341,257,31,14,54,36.50568182,174.1935484
"Fort Lauderdale, FL",6 Months,7323,2753,6856,908,292,1526,93.62283217,168.061674
"Fort Lauderdale, FL",12 Months,7323,2753,3428,908,292,763,46.81141609,84.030837
"Fort Lauderdale, FL",18 Months,7323,2753,2236,908,292,498,30.53393418,54.84581498
"Fort Myers, FL",6 Months,3115,1089,3207,268,97,744,102.953451,277.6119403
"Fort Myers, FL",12 Months,3115,1089,1603,268,97,372,51.46067416,138.8059701
"Fort Myers, FL",18 Months,3115,1089,1046,268,97,243,33.57945425,90.67164179
"Fort Smith, AR",6 Months,931,487,793,87,55,173,85.17722879,198.8505747
"Fort Smith, AR",12 Months,931,487,397,87,55,87,42.64232009,100
"Fort Smith, AR",18 Months,931,487,259,87,55,56,27.81954887,64.36781609
"Fort Wayne, IN",6 Months,2442,1038,1818,376,143,393,74.44717445,104.5212766
"Fort Wayne, IN",12 Months,2442,1038,909,376,143,197,37.22358722,52.39361702
"Fort Wayne, IN",18 Months,2442,1038,593,376,143,128,24.28337428,34.04255319
"Fort Worth, TX",6 Months,4200,1400,4822,501,187,1016,114.8095238,202.7944112
"Fort Worth, TX",12 Months,4200,1400,2411,501,187,508,57.4047619,101.3972056
"Fort Worth, TX",18 Months,4200,1400,1572,501,187,331,37.42857143,66.06786427
"Fresno, CA",6 Months,1935,547,2512,205,77,530,129.8191214,258.5365854
"Fresno, CA",12 Months,1935,547,1256,205,77,265,64.90956072,129.2682927
"Fresno, CA",18 Months,1935,547,819,205,77,173,42.3255814,84.3902439
"Gainesville, FL",6 Months,1834,469,1298,303,88,282,70.7742639,93.06930693
"Gainesville, FL",12 Months,1834,469,649,303,88,141,35.38713195,46.53465347
"Gainesville, FL",18 Months,1834,469,423,303,88,92,23.06434024,30.3630363
"Gary, IN",6 Months,1434,638,1096,179,95,237,76.42956764,132.4022346
"Gary, IN",12 Months,1434,638,548,179,95,119,38.21478382,66.48044693
"Gary, IN",18 Months,1434,638,357,179,95,77,24.89539749,43.01675978
"Grand Forks, ND",6 Months,952,374,362,31,18,78,38.02521008,251.6129032
"Grand Forks, ND",12 Months,952,374,181,31,18,39,19.01260504,125.8064516
"Grand Forks, ND",18 Months,952,374,118,31,18,25,12.39495798,80.64516129
"Grand Junction, CO",6 Months,696,321,758,75,33,165,108.908046,220
"Grand Junction, CO",12 Months,696,321,379,75,33,82,54.45402299,109.3333333
"Grand Junction, CO",18 Months,696,321,247,75,33,54,35.48850575,72
"Grand Rapids, MI",6 Months,2440,957,2583,236,86,553,105.8606557,234.3220339
"Grand Rapids, MI",12 Months,2440,957,1292,236,86,276,52.95081967,116.9491525
"Grand Rapids, MI",18 Months,2440,957,842,236,86,180,34.50819672,76.27118644
"Great Falls, MT",6 Months,937,367,324,50,27,71,34.57844184,142
"Great Falls, MT",12 Months,937,367,162,50,27,35,17.28922092,70
"Great Falls, MT",18 Months,937,367,106,50,27,23,11.31270011,46
"Greeley, CO",6 Months,792,396,816,79,28,175,103.030303,221.5189873
"Greeley, CO",12 Months,792,396,408,79,28,88,51.51515152,111.3924051
"Greeley, CO",18 Months,792,396,266,79,28,57,33.58585859,72.15189873
"Green Bay, WI",6 Months,990,498,1132,112,43,247,114.3434343,220.5357143
"Green Bay, WI",12 Months,990,498,566,112,43,123,57.17171717,109.8214286
"Green Bay, WI",18 Months,990,498,369,112,43,81,37.27272727,72.32142857
"Greensboro, NC",6 Months,1224,362,1409,135,47,304,115.1143791,225.1851852
"Greensboro, NC",12 Months,1224,362,704,135,47,152,57.51633987,112.5925926
"Greensboro, NC",18 Months,1224,362,459,135,47,99,37.5,73.33333333
"Greenville, NC",6 Months,1977,631,1894,339,115,409,95.80171978,120.6489676
"Greenville, NC",12 Months,1977,631,947,339,115,205,47.90085989,60.4719764
"Greenville, NC",18 Months,1977,631,618,339,115,133,31.25948407,39.23303835
"Greenville, SC",6 Months,2217,798,2078,282,41,450,93.73026613,159.5744681
"Greenville, SC",12 Months,2217,798,1039,282,41,225,46.86513306,79.78723404
"Greenville, SC",18 Months,2217,798,678,282,41,147,30.58186739,52.12765957
"Gulfport, MS",6 Months,609,287,441,80,40,94,72.4137931,117.5
"Gulfport, MS",12 Months,609,287,220,80,40,47,36.12479475,58.75
"Gulfport, MS",18 Months,609,287,144,80,40,31,23.6453202,38.75
"Hackensack, NJ",6 Months,3819,1057,2911,175,98,625,76.22414245,357.1428571
"Hackensack, NJ",12 Months,3819,1057,1455,175,98,313,38.09897879,178.8571429
"Hackensack, NJ",18 Months,3819,1057,949,175,98,204,24.84943703,116.5714286
"Harlingen, TX",6 Months,1145,536,1157,120,44,247,101.0480349,205.8333333
"Harlingen, TX",12 Months,1145,536,578,120,44,124,50.48034934,103.3333333
"Harlingen, TX",18 Months,1145,536,377,120,44,81,32.92576419,67.5
"Harrisburg, PA",6 Months,2426,929,2323,211,61,508,95.75432811,240.7582938
"Harrisburg, PA",12 Months,2426,929,1162,211,61,254,47.89777411,120.3791469
"Harrisburg, PA",18 Months,2426,929,758,211,61,166,31.24484749,78.67298578
"Hartford, CT",6 Months,2855,751,3342,323,115,724,117.0577933,224.1486068
"Hartford, CT",12 Months,2855,751,1671,323,115,362,58.52889667,112.0743034
"Hartford, CT",18 Months,2855,751,1090,323,115,236,38.17863398,73.06501548
"Hattiesburg, MS",6 Months,1546,504,667,85,30,143,43.14359638,168.2352941
"Hattiesburg, MS",12 Months,1546,504,334,85,30,72,21.60413972,84.70588235
"Hattiesburg, MS",18 Months,1546,504,218,85,30,47,14.10090556,55.29411765
"Hickory, NC",6 Months,603,253,646,64,25,141,107.1310116,220.3125
"Hickory, NC",12 Months,603,253,323,64,25,71,53.5655058,110.9375
"Hickory, NC",18 Months,603,253,211,64,25,46,34.99170813,71.875
"Hinsdale, IL",6 Months,1041,402,1063,172,89,226,102.1133525,131.3953488
"Hinsdale, IL",12 Months,1041,402,532,172,89,113,51.10470701,65.69767442
"Hinsdale, IL",18 Months,1041,402,347,172,89,74,33.33333333,43.02325581
"Honolulu, HI",6 Months,2623,795,3124,219,73,679,119.1002669,310.0456621
"Honolulu, HI",12 Months,2623,795,1562,219,73,340,59.55013343,155.2511416
"Honolulu, HI",18 Months,2623,795,1019,219,73,222,38.84864659,101.369863
"Houma, LA",6 Months,707,399,570,65,32,122,80.62234795,187.6923077
"Houma, LA",12 Months,707,399,285,65,32,61,40.31117397,93.84615385
"Houma, LA",18 Months,707,399,186,65,32,40,26.30834512,61.53846154
"Houston, TX",6 Months,14062,5130,14347,1790,652,3004,102.0267387,167.8212291
"Houston, TX",12 Months,14062,5130,7174,1790,652,1502,51.01692505,83.91061453
"Houston, TX",18 Months,14062,5130,4678,1790,652,979,33.2669606,54.69273743
"Hudson, FL",6 Months,1188,329,1033,160,45,237,86.95286195,148.125
"Hudson, FL",12 Months,1188,329,516,160,45,118,43.43434343,73.75
"Hudson, FL",18 Months,1188,329,337,160,45,77,28.36700337,48.125
"Huntington, WV",6 Months,1561,382,780,162,64,171,49.96796925,105.5555556
"Huntington, WV",12 Months,1561,382,390,162,64,86,24.98398463,53.08641975
"Huntington, WV",18 Months,1561,382,254,162,64,56,16.27162076,34.56790123
"Huntsville, AL",6 Months,1804,569,1409,248,59,304,78.10421286,122.5806452
"Huntsville, AL",12 Months,1804,569,705,248,59,152,39.07982262,61.29032258
"Huntsville, AL",18 Months,1804,569,460,248,59,99,25.49889135,39.91935484
"Idaho Falls, ID",6 Months,492,269,466,44,24,99,94.71544715,225
"Idaho Falls, ID",12 Months,492,269,233,44,24,49,47.35772358,111.3636364
"Idaho Falls, ID",18 Months,492,269,152,44,24,32,30.89430894,72.72727273
"Indianapolis, IN",6 Months,7441,3350,6221,1081,403,1331,83.60435425,123.1267345
"Indianapolis, IN",12 Months,7441,3350,3111,1081,403,666,41.80889665,61.60962072
"Indianapolis, IN",18 Months,7441,3350,2029,1081,403,434,27.26784034,40.1480111
"Iowa City, IA",6 Months,1414,538,775,147,64,166,54.80905233,112.9251701
"Iowa City, IA",12 Months,1414,538,387,147,64,83,27.36916549,56.46258503
"Iowa City, IA",18 Months,1414,538,253,147,64,54,17.89250354,36.73469388
"Jackson, MS",6 Months,4425,1964,2201,406,149,473,49.74011299,116.5024631
"Jackson, MS",12 Months,4425,1964,1101,406,149,237,24.88135593,58.37438424
"Jackson, MS",18 Months,4425,1964,718,406,149,154,16.2259887,37.93103448
"Jackson, TN",6 Months,1063,423,723,115,57,158,68.01505174,137.3913043
"Jackson, TN",12 Months,1063,423,361,115,57,79,33.96048918,68.69565217
"Jackson, TN",18 Months,1063,423,236,115,57,52,22.20131703,45.2173913
"Jacksonville, FL",6 Months,4947,1625,3717,618,183,798,75.13644633,129.1262136
"Jacksonville, FL",12 Months,4947,1625,1859,618,183,399,37.5783303,64.5631068
"Jacksonville, FL",18 Months,4947,1625,1212,618,183,260,24.49969679,42.07119741
"Johnson City, TN",6 Months,956,342,662,94,39,144,69.24686192,153.1914894
"Johnson City, TN",12 Months,956,342,331,94,39,72,34.62343096,76.59574468
"Johnson City, TN",18 Months,956,342,216,94,39,47,22.59414226,50
"Johnstown, PA",6 Months,741,426,490,44,25,109,66.1268556,247.7272727
"Johnstown, PA",12 Months,741,426,245,44,25,55,33.0634278,125
"Johnstown, PA",18 Months,741,426,160,44,25,36,21.59244265,81.81818182
"Joliet, IL",6 Months,1376,662,1424,149,53,303,103.4883721,203.3557047
"Joliet, IL",12 Months,1376,662,712,149,53,152,51.74418605,102.0134228
"Joliet, IL",18 Months,1376,662,464,149,53,99,33.72093023,66.44295302
"Jonesboro, AR",6 Months,975,403,520,76,23,113,53.33333333,148.6842105
"Jonesboro, AR",12 Months,975,403,260,76,23,56,26.66666667,73.68421053
"Jonesboro, AR",18 Months,975,403,170,76,23,37,17.43589744,48.68421053
"Joplin, MO",6 Months,1045,507,797,124,71,175,76.26794258,141.1290323
"Joplin, MO",12 Months,1045,507,399,124,71,87,38.18181818,70.16129032
"Joplin, MO",18 Months,1045,507,260,124,71,57,24.88038278,45.96774194
"Kalamazoo, MI",6 Months,1462,681,1451,139,21,314,99.24760602,225.8992806
"Kalamazoo, MI",12 Months,1462,681,725,139,21,157,49.58960328,112.9496403
"Kalamazoo, MI",18 Months,1462,681,473,139,21,102,32.35294118,73.38129496
"Kansas City, MO",6 Months,6736,2646,5401,795,286,1157,80.18111639,145.5345912
"Kansas City, MO",12 Months,6736,2646,2701,795,286,578,40.097981,72.70440252
"Kansas City, MO",18 Months,6736,2646,1761,795,286,377,26.14311164,47.42138365
"Kettering, OH",6 Months,923,412,940,138,42,205,101.8418202,148.5507246
"Kettering, OH",12 Months,923,412,470,138,42,102,50.92091008,73.91304348
"Kettering, OH",18 Months,923,412,306,138,42,67,33.15276273,48.55072464
"Kingsport, TN",6 Months,1485,668,1071,185,75,237,72.12121212,128.1081081
"Kingsport, TN",12 Months,1485,668,536,185,75,119,36.09427609,64.32432432
"Kingsport, TN",18 Months,1485,668,349,185,75,77,23.5016835,41.62162162
"Knoxville, TN",6 Months,3193,1198,3125,299,74,684,97.87034137,228.7625418
"Knoxville, TN",12 Months,3193,1198,1562,299,74,342,48.91951143,114.3812709
"Knoxville, TN",18 Months,3193,1198,1019,299,74,223,31.91356091,74.5819398
"La Crosse, WI",6 Months,650,286,785,78,44,171,120.7692308,219.2307692
"La Crosse, WI",12 Months,650,286,393,78,44,86,60.46153846,110.2564103
"La Crosse, WI",18 Months,650,286,256,78,44,56,39.38461538,71.79487179
"Lafayette, IN",6 Months,457,193,546,34,14,115,119.4748359,338.2352941
"Lafayette, IN",12 Months,457,193,273,34,14,58,59.73741794,170.5882353
"Lafayette, IN",18 Months,457,193,178,34,14,38,38.94967177,111.7647059
"Lafayette, LA",6 Months,1716,700,1319,188,87,282,76.86480186,150
"Lafayette, LA",12 Months,1716,700,659,188,87,141,38.4032634,75
"Lafayette, LA",18 Months,1716,700,430,188,87,92,25.05827506,48.93617021
"Lake Charles, LA",6 Months,830,424,582,81,44,124,70.12048193,153.0864198
"Lake Charles, LA",12 Months,830,424,291,81,44,62,35.06024096,76.54320988
"Lake Charles, LA",18 Months,830,424,190,81,44,40,22.89156627,49.38271605
"Lakeland, FL",6 Months,1046,382,897,103,57,197,85.75525813,191.2621359
"Lakeland, FL",12 Months,1046,382,448,103,57,98,42.82982792,95.14563107
"Lakeland, FL",18 Months,1046,382,292,103,57,64,27.91586998,62.13592233
"Lancaster, PA",6 Months,1081,468,1482,98,40,322,137.0952821,328.5714286
"Lancaster, PA",12 Months,1081,468,741,98,40,161,68.54764107,164.2857143
"Lancaster, PA",18 Months,1081,468,483,98,40,105,44.68085106,107.1428571
"Lansing, MI",6 Months,1444,632,1553,240,115,332,107.5484765,138.3333333
"Lansing, MI",12 Months,1444,632,777,240,115,166,53.80886427,69.16666667
"Lansing, MI",18 Months,1444,632,506,240,115,108,35.04155125,45
"Las Vegas, NV",6 Months,4165,1088,4727,761,162,1014,113.4933974,133.2457293
"Las Vegas, NV",12 Months,4165,1088,2363,761,162,507,56.73469388,66.62286465
"Las Vegas, NV",18 Months,4165,1088,1541,761,162,331,36.99879952,43.49540079
"Lawton, OK",6 Months,733,346,423,76,32,91,57.70804911,119.7368421
"Lawton, OK",12 Months,733,346,211,76,32,45,28.78581173,59.21052632
"Lawton, OK",18 Months,733,346,138,76,32,30,18.82673943,39.47368421
"Lebanon, NH",6 Months,939,333,910,105,56,201,96.91160809,191.4285714
"Lebanon, NH",12 Months,939,333,455,105,56,101,48.45580405,96.19047619
"Lebanon, NH",18 Months,939,333,297,105,56,66,31.62939297,62.85714286
"Lexington, KY",6 Months,5045,2073,3315,579,172,713,65.7086224,123.1433506
"Lexington, KY",12 Months,5045,2073,1657,579,172,357,32.8444004,61.65803109
"Lexington, KY",18 Months,5045,2073,1081,579,172,233,21.4271556,40.2417962
"Lincoln, NE",6 Months,2047,1016,1282,116,33,277,62.62823644,238.7931034
"Lincoln, NE",12 Months,2047,1016,641,116,33,139,31.31411822,119.8275862
"Lincoln, NE",18 Months,2047,1016,418,116,33,90,20.42012702,77.5862069
"Little Rock, AR",6 Months,4854,2174,3399,520,177,739,70.02472188,142.1153846
"Little Rock, AR",12 Months,4854,2174,1700,520,177,370,35.02266172,71.15384615
"Little Rock, AR",18 Months,4854,2174,1109,520,177,241,22.84713638,46.34615385
"Longview, TX",6 Months,224,98,451,45,21,98,201.3392857,217.7777778
"Longview, TX",12 Months,224,98,225,45,21,49,100.4464286,108.8888889
"Longview, TX",18 Months,224,98,147,45,21,32,65.625,71.11111111
"Los Angeles, CA",6 Months,19492,6594,21554,2415,942,4553,110.578699,188.5300207
"Los Angeles, CA",12 Months,19492,6594,10777,2415,942,2277,55.28934948,94.28571429
"Los Angeles, CA",18 Months,19492,6594,7029,2415,942,1485,36.06094808,61.49068323
"Louisville, KY",6 Months,4162,1700,3855,506,165,831,92.62373859,164.229249
"Louisville, KY",12 Months,4162,1700,1927,506,165,415,46.29985584,82.01581028
"Louisville, KY",18 Months,4162,1700,1257,506,165,271,30.20182605,53.55731225
"Lubbock, TX",6 Months,1811,922,1501,298,85,318,82.88238542,106.7114094
"Lubbock, TX",12 Months,1811,922,750,298,85,159,41.41358366,53.3557047
"Lubbock, TX",18 Months,1811,922,489,298,85,104,27.00165654,34.89932886
"Lynchburg, VA",6 Months,1174,309,614,55,20,135,52.29982964,245.4545455
"Lynchburg, VA",12 Months,1174,309,307,55,20,67,26.14991482,121.8181818
"Lynchburg, VA",18 Months,1174,309,200,55,20,44,17.03577513,80
"Macon, GA",6 Months,2295,865,1582,240,57,341,68.93246187,142.0833333
"Macon, GA",12 Months,2295,865,791,240,57,170,34.46623094,70.83333333
"Macon, GA",18 Months,2295,865,516,240,57,111,22.48366013,46.25
"Madison, WI",6 Months,2443,838,2457,267,121,527,100.5730659,197.3782772
"Madison, WI",12 Months,2443,838,1228,267,121,263,50.26606631,98.50187266
"Madison, WI",18 Months,2443,838,801,267,121,172,32.78755628,64.41947566
"Manchester, NH",6 Months,1603,582,1992,137,53,430,124.2669994,313.8686131
"Manchester, NH",12 Months,1603,582,996,137,53,215,62.13349969,156.9343066
"Manchester, NH",18 Months,1603,582,650,137,53,140,40.54897068,102.189781
"Manhattan, NY",6 Months,14834,3059,11491,1427,616,2445,77.46393421,171.3384723
"Manhattan, NY",12 Months,14834,3059,5746,1427,616,1223,38.73533774,85.7042747
"Manhattan, NY",18 Months,14834,3059,3747,1427,616,797,25.2595389,55.85143658
"Marquette, MI",6 Months,601,276,453,47,18,100,75.37437604,212.7659574
"Marquette, MI",12 Months,601,276,227,47,18,50,37.7703827,106.3829787
"Marquette, MI",18 Months,601,276,148,47,18,33,24.62562396,70.21276596
"Marshfield, WI",6 Months,706,281,838,68,34,185,118.6968839,272.0588235
"Marshfield, WI",12 Months,706,281,419,68,34,92,59.34844193,135.2941176
"Marshfield, WI",18 Months,706,281,273,68,34,60,38.66855524,88.23529412
"Mason City, IA",6 Months,470,239,288,18,6,64,61.27659574,355.5555556
"Mason City, IA",12 Months,470,239,144,18,6,32,30.63829787,177.7777778
"Mason City, IA",18 Months,470,239,94,18,6,21,20,116.6666667
"McAllen, TX",6 Months,1938,849,1326,350,133,279,68.42105263,79.71428571
"McAllen, TX",12 Months,1938,849,663,350,133,139,34.21052632,39.71428571
"McAllen, TX",18 Months,1938,849,433,350,133,91,22.34262126,26
"Medford, OR",6 Months,855,369,1011,72,25,227,118.245614,315.2777778
"Medford, OR",12 Months,855,369,505,72,25,113,59.06432749,156.9444444
"Medford, OR",18 Months,855,369,330,72,25,74,38.59649123,102.7777778
"Melrose Park, IL",6 Months,2902,1122,2848,334,137,608,98.13921433,182.0359281
"Melrose Park, IL",12 Months,2902,1122,1424,334,137,304,49.06960717,91.01796407
"Melrose Park, IL",18 Months,2902,1122,929,334,137,198,32.01240524,59.28143713
"Memphis, TN",6 Months,5054,2045,3773,543,139,806,74.65373961,148.4346225
"Memphis, TN",12 Months,5054,2045,1886,543,139,403,37.31697665,74.21731123
"Memphis, TN",18 Months,5054,2045,1230,543,139,263,24.33715869,48.43462247
"Meridian, MS",6 Months,1117,445,416,57,19,91,37.24261415,159.6491228
"Meridian, MS",12 Months,1117,445,208,57,19,45,18.62130707,78.94736842
"Meridian, MS",18 Months,1117,445,136,57,19,30,12.17547001,52.63157895
"Mesa, AZ",6 Months,2091,648,3146,291,108,675,150.4543281,231.9587629
"Mesa, AZ",12 Months,2091,648,1573,291,108,337,75.22716404,115.8075601
"Mesa, AZ",18 Months,2091,648,1026,291,108,220,49.06743185,75.60137457
"Metairie, LA",6 Months,857,406,1025,111,44,222,119.6032672,200
"Metairie, LA",12 Months,857,406,512,111,44,111,59.74329055,100
"Metairie, LA",18 Months,857,406,334,111,44,72,38.97316219,64.86486486
"Miami, FL",6 Months,9139,2952,7612,981,280,1636,83.29138855,166.7686035
"Miami, FL",12 Months,9139,2952,3806,981,280,818,41.64569428,83.38430173
"Miami, FL",18 Months,9139,2952,2482,981,280,534,27.15833242,54.43425076
"Milwaukee, WI",6 Months,5263,2207,5749,818,323,1230,109.234277,150.3667482
"Milwaukee, WI",12 Months,5263,2207,2875,818,323,615,54.6266388,75.18337408
"Milwaukee, WI",18 Months,5263,2207,1875,818,323,401,35.62606878,49.02200489
"Minneapolis, MN",6 Months,6954,2458,7117,612,238,1525,102.3439747,249.1830065
"Minneapolis, MN",12 Months,6954,2458,3559,612,238,762,51.17917745,124.5098039
"Minneapolis, MN",18 Months,6954,2458,2321,612,238,497,33.37647397,81.20915033
"Minot, ND",6 Months,916,384,309,19,9,66,33.73362445,347.3684211
"Minot, ND",12 Months,916,384,155,19,9,33,16.92139738,173.6842105
"Minot, ND",18 Months,916,384,101,19,9,21,11.02620087,110.5263158
"Missoula, MT",6 Months,1002,455,892,79,39,196,89.02195609,248.1012658
"Missoula, MT",12 Months,1002,455,446,79,39,98,44.51097804,124.0506329
"Missoula, MT",18 Months,1002,455,291,79,39,64,29.04191617,81.01265823
"Mobile, AL",6 Months,2066,695,1815,282,101,394,87.85091965,139.7163121
"Mobile, AL",12 Months,2066,695,908,282,101,197,43.94966118,69.85815603
"Mobile, AL",18 Months,2066,695,592,282,101,128,28.65440465,45.39007092
"Modesto, CA",6 Months,1478,467,1877,118,44,400,126.9959405,338.9830508
"Modesto, CA",12 Months,1478,467,938,118,44,200,63.46414073,169.4915254
"Modesto, CA",18 Months,1478,467,612,118,44,130,41.40730717,110.1694915
"Monroe, LA",6 Months,1064,561,571,102,36,123,53.66541353,120.5882353
"Monroe, LA",12 Months,1064,561,285,102,36,62,26.78571429,60.78431373
"Monroe, LA",18 Months,1064,561,186,102,36,40,17.48120301,39.21568627
"Montgomery, AL",6 Months,1225,461,1000,131,61,215,81.63265306,164.1221374
"Montgomery, AL",12 Months,1225,461,500,131,61,107,40.81632653,81.67938931
"Montgomery, AL",18 Months,1225,461,326,131,61,70,26.6122449,53.4351145
"Morgantown, WV",6 Months,1555,499,921,155,40,200,59.22829582,129.0322581
"Morgantown, WV",12 Months,1555,499,461,155,40,100,29.64630225,64.51612903
"Morgantown, WV",18 Months,1555,499,300,155,40,65,19.2926045,41.93548387
"Morristown, NJ",6 Months,1862,589,2214,147,54,478,118.9044039,325.170068
"Morristown, NJ",12 Months,1862,589,1107,147,54,239,59.45220193,162.585034
"Morristown, NJ",18 Months,1862,589,722,147,54,156,38.7755102,106.122449
"Muncie, IN",6 Months,377,129,361,36,8,79,95.75596817,219.4444444
"Muncie, IN",12 Months,377,129,181,36,8,39,48.01061008,108.3333333
"Muncie, IN",18 Months,377,129,118,36,8,26,31.29973475,72.22222222
"Munster, IN",6 Months,1500,642,665,105,42,143,44.33333333,136.1904762
"Munster, IN",12 Months,1500,642,332,105,42,71,22.13333333,67.61904762
"Munster, IN",18 Months,1500,642,217,105,42,47,14.46666667,44.76190476
"Muskegon, MI",6 Months,501,253,589,57,40,128,117.5648703,224.5614035
"Muskegon, MI",12 Months,501,253,294,57,40,64,58.68263473,112.2807018
"Muskegon, MI",18 Months,501,253,192,57,40,42,38.32335329,73.68421053
"Napa, CA",6 Months,456,152,621,70,41,137,136.1842105,195.7142857
"Napa, CA",12 Months,456,152,311,70,41,69,68.20175439,98.57142857
"Napa, CA",18 Months,456,152,203,70,41,45,44.51754386,64.28571429
"Nashville, TN",6 Months,7810,2987,6303,1118,317,1346,80.70422535,120.3935599
"Nashville, TN",12 Months,7810,2987,3152,1118,317,673,40.35851472,60.19677996
"Nashville, TN",18 Months,7810,2987,2055,1118,317,439,26.31241997,39.26654741
"Neenah, WI",6 Months,447,262,537,46,25,116,120.1342282,252.173913
"Neenah, WI",12 Months,447,262,268,46,25,58,59.95525727,126.0869565
"Neenah, WI",18 Months,447,262,175,46,25,38,39.14988814,82.60869565
"New Brunswick, NJ",6 Months,2177,616,2336,213,126,499,107.3036288,234.2723005
"New Brunswick, NJ",12 Months,2177,616,1168,213,126,250,53.65181442,117.370892
"New Brunswick, NJ",18 Months,2177,616,762,213,126,163,35.00229674,76.5258216
"New Haven, CT",6 Months,2825,610,3291,286,118,713,116.4955752,249.3006993
"New Haven, CT",12 Months,2825,610,1646,286,118,357,58.26548673,124.8251748
"New Haven, CT",18 Months,2825,610,1073,286,118,233,37.98230088,81.46853147
"New Orleans, LA",6 Months,2491,869,1521,313,77,322,61.05981534,102.8753994
"New Orleans, LA",12 Months,2491,869,760,313,77,161,30.50983541,51.43769968
"New Orleans, LA",18 Months,2491,869,496,313,77,105,19.91168206,33.54632588
"Newark, NJ",6 Months,3636,1033,3376,403,195,713,92.84928493,176.9230769
"Newark, NJ",12 Months,3636,1033,1688,403,195,356,46.42464246,88.33746898
"Newark, NJ",18 Months,3636,1033,1101,403,195,232,30.28052805,57.56823821
"Newport News, VA",6 Months,905,251,1247,145,45,269,137.7900552,185.5172414
"Newport News, VA",12 Months,905,251,623,145,45,135,68.83977901,93.10344828
"Newport News, VA",18 Months,905,251,407,145,45,88,44.97237569,60.68965517
"Norfolk, VA",6 Months,2543,782,2814,276,82,597,110.6567047,216.3043478
"Norfolk, VA",12 Months,2543,782,1407,276,82,299,55.32835234,108.3333333
"Norfolk, VA",18 Months,2543,782,917,276,82,195,36.05977192,70.65217391
"Ocala, FL",6 Months,902,289,1374,150,51,328,152.3281596,218.6666667
"Ocala, FL",12 Months,902,289,687,150,51,164,76.16407982,109.3333333
"Ocala, FL",18 Months,902,289,448,150,51,107,49.66740576,71.33333333
"Odessa, TX",6 Months,1014,543,774,101,38,163,76.33136095,161.3861386
"Odessa, TX",12 Months,1014,543,387,101,38,81,38.16568047,80.1980198
"Odessa, TX",18 Months,1014,543,252,101,38,53,24.85207101,52.47524752
"Ogden, UT",6 Months,750,371,968,110,42,203,129.0666667,184.5454545
"Ogden, UT",12 Months,750,371,484,110,42,101,64.53333333,91.81818182
"Ogden, UT",18 Months,750,371,316,110,42,66,42.13333333,60
"Oklahoma City, OK",6 Months,5541,2447,4132,582,225,886,74.57137701,152.233677
"Oklahoma City, OK",12 Months,5541,2447,2066,582,225,443,37.2856885,76.11683849
"Oklahoma City, OK",18 Months,5541,2447,1347,582,225,289,24.30969139,49.65635739
"Olympia, WA",6 Months,558,173,901,84,25,197,161.4695341,234.5238095
"Olympia, WA",12 Months,558,173,450,84,25,98,80.64516129,116.6666667
"Olympia, WA",18 Months,558,173,294,84,25,64,52.68817204,76.19047619
"Omaha, NE",6 Months,4017,1742,2808,449,184,604,69.90291262,134.5211581
"Omaha, NE",12 Months,4017,1742,1404,449,184,302,34.95145631,67.26057906
"Omaha, NE",18 Months,4017,1742,916,449,184,197,22.80308688,43.8752784
"Orange County, CA",6 Months,5813,2236,7323,690,293,1556,125.9762601,225.5072464
"Orange County, CA",12 Months,5813,2236,3662,690,293,778,62.99673146,112.7536232
"Orange County, CA",18 Months,5813,2236,2388,690,293,507,41.08033718,73.47826087
"Orlando, FL",6 Months,10004,3292,8836,1284,448,1937,88.32467013,150.8566978
"Orlando, FL",12 Months,10004,3292,4418,1284,448,968,44.16233507,75.3894081
"Orlando, FL",18 Months,10004,3292,2881,1284,448,632,28.79848061,49.2211838
"Ormond Beach, FL",6 Months,872,359,996,158,63,229,114.2201835,144.9367089
"Ormond Beach, FL",12 Months,872,359,498,158,63,114,57.11009174,72.15189873
"Ormond Beach, FL",18 Months,872,359,325,158,63,75,37.2706422,47.46835443
"Owensboro, KY",6 Months,390,175,315,36,14,69,80.76923077,191.6666667
"Owensboro, KY",12 Months,390,175,158,36,14,34,40.51282051,94.44444444
"Owensboro, KY",18 Months,390,175,103,36,14,22,26.41025641,61.11111111
"Oxford, MS",6 Months,835,344,324,29,15,69,38.80239521,237.9310345
"Oxford, MS",12 Months,835,344,162,29,15,35,19.4011976,120.6896552
"Oxford, MS",18 Months,835,344,106,29,15,23,12.69461078,79.31034483
"Paducah, KY",6 Months,1490,779,824,117,57,182,55.30201342,155.5555556
"Paducah, KY",12 Months,1490,779,412,117,57,91,27.65100671,77.77777778
"Paducah, KY",18 Months,1490,779,269,117,57,59,18.05369128,50.42735043
"Palm Springs/Rancho Mira, CA",6 Months,974,404,895,69,23,204,91.88911704,295.6521739
"Palm Springs/Rancho Mira, CA",12 Months,974,404,447,69,23,102,45.89322382,147.826087
"Palm Springs/Rancho Mira, CA",18 Months,974,404,292,69,23,67,29.97946612,97.10144928
"Paterson, NJ",6 Months,1164,527,863,84,12,186,74.14089347,221.4285714
"Paterson, NJ",12 Months,1164,527,432,84,12,93,37.11340206,110.7142857
"Paterson, NJ",18 Months,1164,527,282,84,12,61,24.22680412,72.61904762
"Pensacola, FL",6 Months,2001,755,1779,230,91,385,88.90554723,167.3913043
"Pensacola, FL",12 Months,2001,755,889,230,91,193,44.42778611,83.91304348
"Pensacola, FL",18 Months,2001,755,580,230,91,126,28.98550725,54.7826087
"Peoria, IL",6 Months,1725,643,1323,156,71,290,76.69565217,185.8974359
"Peoria, IL",12 Months,1725,643,661,156,71,145,38.31884058,92.94871795
"Peoria, IL",18 Months,1725,643,431,156,71,94,24.98550725,60.25641026
"Petoskey, MI",6 Months,476,178,409,68,22,91,85.92436975,133.8235294
"Petoskey, MI",12 Months,476,178,205,68,22,46,43.06722689,67.64705882
"Petoskey, MI",18 Months,476,178,133,68,22,30,27.94117647,44.11764706
"Philadelphia, PA",6 Months,10697,3634,9240,1257,546,1984,86.3793587,157.8361177
"Philadelphia, PA",12 Months,10697,3634,4620,1257,546,992,43.18967935,78.91805887
"Philadelphia, PA",18 Months,10697,3634,3013,1257,546,647,28.16677573,51.47175815
"Phoenix, AZ",6 Months,6977,2567,7669,957,416,1649,109.918303,172.3092999
"Phoenix, AZ",12 Months,6977,2567,3835,957,416,825,54.9663179,86.20689655
"Phoenix, AZ",18 Months,6977,2567,2501,957,416,538,35.8463523,56.21734587
"Pittsburgh, PA",6 Months,8133,2738,6574,1079,420,1445,80.83118161,133.9202966
"Pittsburgh, PA",12 Months,8133,2738,3287,1079,420,722,40.4155908,66.91380908
"Pittsburgh, PA",18 Months,8133,2738,2144,1079,420,471,26.36173614,43.65152919
"Pontiac, MI",6 Months,911,321,1045,95,49,224,114.7091109,235.7894737
"Pontiac, MI",12 Months,911,321,522,95,49,112,57.29967069,117.8947368
"Pontiac, MI",18 Months,911,321,341,95,49,73,37.43139407,76.84210526
"Portland, ME",6 Months,2524,710,2466,209,92,539,97.70206022,257.8947368
"Portland, ME",12 Months,2524,710,1233,209,92,269,48.85103011,128.708134
"Portland, ME",18 Months,2524,710,804,209,92,176,31.85419968,84.21052632
"Portland, OR",6 Months,4684,1737,6136,661,278,1315,130.999146,198.9409985
"Portland, OR",12 Months,4684,1737,3068,661,278,657,65.49957301,99.39485628
"Portland, OR",18 Months,4684,1737,2001,661,278,429,42.71989752,64.90166415
"Providence, RI",6 Months,2249,690,2744,293,82,591,122.0097821,201.7064846
"Providence, RI",12 Months,2249,690,1372,293,82,295,61.00489106,100.6825939
"Providence, RI",18 Months,2249,690,895,293,82,193,39.79546465,65.87030717
"Provo, UT",6 Months,941,387,1174,122,52,242,124.7608927,198.3606557
"Provo, UT",12 Months,941,387,587,122,52,121,62.38044633,99.18032787
"Provo, UT",18 Months,941,387,383,122,52,79,40.70138151,64.75409836
"Pueblo, CO",6 Months,615,238,392,28,7,86,63.7398374,307.1428571
"Pueblo, CO",12 Months,615,238,196,28,7,43,31.8699187,153.5714286
"Pueblo, CO",18 Months,615,238,128,28,7,28,20.81300813,100
"Raleigh, NC",6 Months,3560,1124,4575,375,160,968,128.511236,258.1333333
"Raleigh, NC",12 Months,3560,1124,2288,375,160,484,64.26966292,129.0666667
"Raleigh, NC",18 Months,3560,1124,1492,375,160,316,41.91011236,84.26666667
"Rapid City, SD",6 Months,878,343,487,46,20,106,55.46697039,230.4347826
"Rapid City, SD",12 Months,878,343,244,46,20,53,27.7904328,115.2173913
"Rapid City, SD",18 Months,878,343,159,46,20,35,18.10933941,76.08695652
"Reading, PA",6 Months,1329,559,1309,99,50,285,98.4951091,287.8787879
"Reading, PA",12 Months,1329,559,655,99,50,142,49.28517682,143.4343434
"Reading, PA",18 Months,1329,559,427,99,50,93,32.12942062,93.93939394
"Redding, CA",6 Months,786,284,781,109,58,172,99.36386768,157.7981651
"Redding, CA",12 Months,786,284,391,109,58,86,49.74554707,78.89908257
"Redding, CA",18 Months,786,284,255,109,58,56,32.44274809,51.37614679
"Reno, NV",6 Months,1886,660,1697,406,128,369,89.97879109,90.88669951
"Reno, NV",12 Months,1886,660,848,406,128,184,44.96288441,45.32019704
"Reno, NV",18 Months,1886,660,553,406,128,120,29.32131495,29.55665025
"Richmond, VA",6 Months,4478,1488,3904,465,144,837,87.18177758,180
"Richmond, VA",12 Months,4478,1488,1952,465,144,419,43.59088879,90.10752688
"Richmond, VA",18 Months,4478,1488,1273,465,144,273,28.42786958,58.70967742
"Ridgewood, NJ",6 Months,814,275,941,83,35,202,115.6019656,243.373494
"Ridgewood, NJ",12 Months,814,275,471,83,35,101,57.86240786,121.686747
"Ridgewood, NJ",18 Months,814,275,307,83,35,66,37.71498771,79.51807229
"Roanoke, VA",6 Months,2189,593,1605,272,113,351,73.32115121,129.0441176
"Roanoke, VA",12 Months,2189,593,803,272,113,176,36.68341709,64.70588235
"Roanoke, VA",18 Months,2189,593,523,272,113,115,23.89218821,42.27941176
"Rochester, MN",6 Months,1835,594,902,240,90,197,49.15531335,82.08333333
"Rochester, MN",12 Months,1835,594,451,240,90,99,24.57765668,41.25
"Rochester, MN",18 Months,1835,594,294,240,90,64,16.02179837,26.66666667
"Rochester, NY",6 Months,3766,827,2894,289,87,626,76.84545937,216.6089965
"Rochester, NY",12 Months,3766,827,1447,289,87,313,38.42272969,108.3044983
"Rochester, NY",18 Months,3766,827,944,289,87,204,25.06638343,70.58823529
"Rockford, IL",6 Months,1320,613,1548,199,96,337,117.2727273,169.3467337
"Rockford, IL",12 Months,1320,613,774,199,96,168,58.63636364,84.42211055
"Rockford, IL",18 Months,1320,613,505,199,96,110,38.25757576,55.27638191
"Rome, GA",6 Months,733,229,620,74,16,134,84.58390177,181.0810811
"Rome, GA",12 Months,733,229,310,74,16,67,42.29195089,90.54054054
"Rome, GA",18 Months,733,229,202,74,16,44,27.5579809,59.45945946
"Royal Oak, MI",6 Months,2781,858,1558,324,97,338,56.0230133,104.3209877
"Royal Oak, MI",12 Months,2781,858,779,324,97,169,28.01150665,52.16049383
"Royal Oak, MI",18 Months,2781,858,508,324,97,110,18.2668105,33.95061728
"Sacramento, CA",6 Months,4381,1315,5771,616,224,1242,131.727916,201.6233766
"Sacramento, CA",12 Months,4381,1315,2886,616,224,621,65.87537092,100.8116883
"Sacramento, CA",18 Months,4381,1315,1882,616,224,405,42.95822871,65.74675325
"Saginaw, MI",6 Months,2396,962,1398,208,63,311,58.34724541,149.5192308
"Saginaw, MI",12 Months,2396,962,699,208,63,155,29.1736227,74.51923077
"Saginaw, MI",18 Months,2396,962,456,208,63,101,19.03171953,48.55769231
"Salem, OR",6 Months,487,154,711,64,10,153,145.9958932,239.0625
"Salem, OR",12 Months,487,154,355,64,10,77,72.89527721,120.3125
"Salem, OR",18 Months,487,154,232,64,10,50,47.6386037,78.125
"Salinas, CA",6 Months,740,290,834,70,37,177,112.7027027,252.8571429
"Salinas, CA",12 Months,740,290,417,70,37,89,56.35135135,127.1428571
"Salinas, CA",18 Months,740,290,272,70,37,58,36.75675676,82.85714286
"Salisbury, MD",6 Months,598,187,1068,59,26,239,178.5953177,405.0847458
"Salisbury, MD",12 Months,598,187,534,59,26,120,89.29765886,203.3898305
"Salisbury, MD",18 Months,598,187,348,59,26,78,58.19397993,132.2033898
"Salt Lake City, UT",6 Months,3999,1804,4250,526,277,898,106.2765691,170.7224335
"Salt Lake City, UT",12 Months,3999,1804,2125,526,277,449,53.13828457,85.36121673
"Salt Lake City, UT",18 Months,3999,1804,1386,526,277,293,34.65866467,55.70342205
"San Angelo, TX",6 Months,584,323,352,35,17,76,60.2739726,217.1428571
"San Angelo, TX",12 Months,584,323,176,35,17,38,30.1369863,108.5714286
"San Angelo, TX",18 Months,584,323,115,35,17,25,19.69178082,71.42857143
"San Antonio, TX",6 Months,6234,2477,6029,747,216,1281,96.71158165,171.4859438
"San Antonio, TX",12 Months,6234,2477,3014,747,216,641,48.34777029,85.80990629
"San Antonio, TX",18 Months,6234,2477,1966,747,216,418,31.53673404,55.95716198
"San Bernardino, CA",6 Months,5691,2125,6562,690,231,1379,115.3048673,199.8550725
"San Bernardino, CA",12 Months,5691,2125,3281,690,231,690,57.65243367,100
"San Bernardino, CA",18 Months,5691,2125,2140,690,231,450,37.60323318,65.2173913
"San Diego, CA",6 Months,6178,1949,8244,802,358,1746,133.4412431,217.7057357
"San Diego, CA",12 Months,6178,1949,4122,802,358,873,66.72062156,108.8528678
"San Diego, CA",18 Months,6178,1949,2688,802,358,569,43.50922629,70.94763092
"San Francisco, CA",6 Months,3776,1139,3524,439,203,755,93.32627119,171.9817768
"San Francisco, CA",12 Months,3776,1139,1762,439,203,377,46.66313559,85.87699317
"San Francisco, CA",18 Months,3776,1139,1149,439,203,246,30.42902542,56.03644647
"San Jose, CA",6 Months,2547,916,3987,341,146,842,156.5371025,246.9208211
"San Jose, CA",12 Months,2547,916,1994,341,146,421,78.28818218,123.4604106
"San Jose, CA",18 Months,2547,916,1300,341,146,275,51.04043973,80.64516129
"San Luis Obispo, CA",6 Months,390,202,601,54,33,131,154.1025641,242.5925926
"San Luis Obispo, CA",12 Months,390,202,300,54,33,66,76.92307692,122.2222222
"San Luis Obispo, CA",18 Months,390,202,196,54,33,43,50.25641026,79.62962963
"San Mateo County, CA",6 Months,1555,452,1852,198,88,398,119.0996785,201.010101
"San Mateo County, CA",12 Months,1555,452,926,198,88,199,59.54983923,100.5050505
"San Mateo County, CA",18 Months,1555,452,604,198,88,130,38.84244373,65.65656566
"Santa Barbara, CA",6 Months,858,246,997,82,35,214,116.2004662,260.9756098
"Santa Barbara, CA",12 Months,858,246,498,82,35,107,58.04195804,130.4878049
"Santa Barbara, CA",18 Months,858,246,325,82,35,70,37.87878788,85.36585366
"Santa Cruz, CA",6 Months,359,169,631,22,6,134,175.7660167,609.0909091
"Santa Cruz, CA",12 Months,359,169,316,22,6,67,88.02228412,304.5454545
"Santa Cruz, CA",18 Months,359,169,206,22,6,44,57.3816156,200
"Santa Rosa, CA",6 Months,1272,306,1133,93,45,247,89.07232704,265.5913978
"Santa Rosa, CA",12 Months,1272,306,566,93,45,124,44.49685535,133.3333333
"Santa Rosa, CA",18 Months,1272,306,369,93,45,81,29.00943396,87.09677419
"Sarasota, FL",6 Months,1309,604,1149,159,77,275,87.77692895,172.9559748
"Sarasota, FL",12 Months,1309,604,574,159,77,137,43.85026738,86.16352201
"Sarasota, FL",18 Months,1309,604,375,159,77,90,28.64782277,56.60377358
"Savannah, GA",6 Months,2050,650,1955,163,55,422,95.36585366,258.8957055
"Savannah, GA",12 Months,2050,650,978,163,55,211,47.70731707,129.4478528
"Savannah, GA",18 Months,2050,650,638,163,55,138,31.12195122,84.66257669
"Sayre, PA",6 Months,591,215,435,62,28,96,73.60406091,154.8387097
"Sayre, PA",12 Months,591,215,217,62,28,48,36.71742809,77.41935484
"Sayre, PA",18 Months,591,215,142,62,28,31,24.02707276,50
"Scranton, PA",6 Months,782,324,723,65,31,160,92.45524297,246.1538462
"Scranton, PA",12 Months,782,324,362,65,31,80,46.2915601,123.0769231
"Scranton, PA",18 Months,782,324,236,65,31,52,30.17902813,80
"Seattle, WA",6 Months,4700,1366,6667,651,209,1419,141.8510638,217.9723502
"Seattle, WA",12 Months,4700,1366,3334,651,209,709,70.93617021,108.9093702
"Seattle, WA",18 Months,4700,1366,2174,651,209,463,46.25531915,71.12135177
"Shreveport, LA",6 Months,2468,1080,1484,283,111,321,60.12965964,113.4275618
"Shreveport, LA",12 Months,2468,1080,742,283,111,161,30.06482982,56.89045936
"Shreveport, LA",18 Months,2468,1080,484,283,111,105,19.61102107,37.1024735
"Sioux City, IA",6 Months,909,362,548,59,23,119,60.2860286,201.6949153
"Sioux City, IA",12 Months,909,362,274,59,23,60,30.1430143,101.6949153
"Sioux City, IA",18 Months,909,362,179,59,23,39,19.6919692,66.10169492
"Sioux Falls, SD",6 Months,4065,1653,1693,103,52,368,41.64821648,357.2815534
"Sioux Falls, SD",12 Months,4065,1653,847,103,52,184,20.83640836,178.6407767
"Sioux Falls, SD",18 Months,4065,1653,552,103,52,120,13.57933579,116.5048544
"Slidell, LA",6 Months,536,338,420,137,70,92,78.35820896,67.15328467
"Slidell, LA",12 Months,536,338,210,137,70,46,39.17910448,33.57664234
"Slidell, LA",18 Months,536,338,137,137,70,30,25.55970149,21.89781022
"South Bend, IN",6 Months,1273,551,1504,148,70,325,118.1461115,219.5945946
"South Bend, IN",12 Months,1273,551,752,148,70,162,59.07305577,109.4594595
"South Bend, IN",18 Months,1273,551,490,148,70,106,38.49175177,71.62162162
"Spartanburg, SC",6 Months,809,280,844,125,65,184,104.3263288,147.2
"Spartanburg, SC",12 Months,809,280,422,125,65,92,52.1631644,73.6
"Spartanburg, SC",18 Months,809,280,275,125,65,60,33.99258344,48
"Spokane, WA",6 Months,3652,1657,3385,355,134,734,92.68893757,206.7605634
"Spokane, WA",12 Months,3652,1657,1693,355,134,367,46.35815991,103.3802817
"Spokane, WA",18 Months,3652,1657,1104,355,134,239,30.23001095,67.32394366
"Springdale, AR",6 Months,1144,616,1207,135,73,257,105.506993,190.3703704
"Springdale, AR",12 Months,1144,616,603,135,73,129,52.70979021,95.55555556
"Springdale, AR",18 Months,1144,616,394,135,73,84,34.44055944,62.22222222
"Springfield, IL",6 Months,2426,1172,1800,213,79,395,74.19620775,185.4460094
"Springfield, IL",12 Months,2426,1172,900,213,79,197,37.09810387,92.48826291
"Springfield, IL",18 Months,2426,1172,587,213,79,129,24.19620775,60.56338028
"Springfield, MA",6 Months,1588,500,1677,195,73,363,105.604534,186.1538462
"Springfield, MA",12 Months,1588,500,838,195,73,182,52.77078086,93.33333333
"Springfield, MA",18 Months,1588,500,547,195,73,118,34.44584383,60.51282051
"Springfield, MO",6 Months,2078,819,1955,226,67,432,94.08084697,191.1504425
"Springfield, MO",12 Months,2078,819,978,226,67,216,47.06448508,95.57522124
"Springfield, MO",18 Months,2078,819,638,226,67,141,30.70259865,62.38938053
"St. Cloud, MN",6 Months,898,227,563,45,16,121,62.69487751,268.8888889
"St. Cloud, MN",12 Months,898,227,282,45,16,60,31.40311804,133.3333333
"St. Cloud, MN",18 Months,898,227,184,45,16,39,20.48997773,86.66666667
"St. Joseph, MI",6 Months,393,238,312,20,9,69,79.38931298,345
"St. Joseph, MI",12 Months,393,238,156,20,9,34,39.69465649,170
"St. Joseph, MI",18 Months,393,238,102,20,9,22,25.95419847,110
"St. Louis, MO",6 Months,10187,4326,7429,1180,547,1604,72.92627859,135.9322034
"St. Louis, MO",12 Months,10187,4326,3715,1180,547,802,36.46804751,67.96610169
"St. Louis, MO",18 Months,10187,4326,2423,1180,547,523,23.78521645,44.3220339
"St. Paul, MN",6 Months,1604,582,2358,183,48,502,147.0074813,274.3169399
"St. Paul, MN",12 Months,1604,582,1179,183,48,251,73.50374065,137.1584699
"St. Paul, MN",18 Months,1604,582,769,183,48,164,47.94264339,89.61748634
"St. Petersburg, FL",6 Months,1424,613,1014,139,33,225,71.20786517,161.8705036
"St. Petersburg, FL",12 Months,1424,613,507,139,33,113,35.60393258,81.29496403
"St. Petersburg, FL",18 Months,1424,613,331,139,33,74,23.24438202,53.23741007
"Stockton, CA",6 Months,918,329,1276,121,41,270,138.9978214,223.1404959
"Stockton, CA",12 Months,918,329,638,121,41,135,69.49891068,111.5702479
"Stockton, CA",18 Months,918,329,416,121,41,88,45.31590414,72.72727273
"Sun City, AZ",6 Months,845,364,734,119,81,177,86.86390533,148.7394958
"Sun City, AZ",12 Months,845,364,367,119,81,89,43.43195266,74.78991597
"Sun City, AZ",18 Months,845,364,239,119,81,58,28.28402367,48.7394958
"Syracuse, NY",6 Months,3062,950,2320,243,77,501,75.76747224,206.1728395
"Syracuse, NY",12 Months,3062,950,1160,243,77,250,37.88373612,102.8806584
"Syracuse, NY",18 Months,3062,950,757,243,77,163,24.72240366,67.0781893
"Tacoma, WA",6 Months,1388,366,1766,197,62,375,127.2334294,190.3553299
"Tacoma, WA",12 Months,1388,366,883,197,62,187,63.6167147,94.92385787
"Tacoma, WA",18 Months,1388,366,576,197,62,122,41.49855908,61.92893401
"Takoma Park, MD",6 Months,1181,294,2156,150,48,454,182.557155,302.6666667
"Takoma Park, MD",12 Months,1181,294,1078,150,48,227,91.27857748,151.3333333
"Takoma Park, MD",18 Months,1181,294,703,150,48,148,59.52582557,98.66666667
"Tallahassee, FL",6 Months,2242,603,1845,193,50,393,82.2925959,203.626943
"Tallahassee, FL",12 Months,2242,603,923,193,50,197,41.16859946,102.0725389
"Tallahassee, FL",18 Months,2242,603,602,193,50,128,26.85102587,66.32124352
"Tampa, FL",6 Months,4005,1289,3241,515,165,695,80.92384519,134.9514563
"Tampa, FL",12 Months,4005,1289,1621,515,165,347,40.47440699,67.37864078
"Tampa, FL",18 Months,4005,1289,1057,515,165,226,26.39200999,43.88349515
"Temple, TX",6 Months,985,390,1114,162,50,233,113.0964467,143.8271605
"Temple, TX",12 Months,985,390,557,162,50,117,56.54822335,72.22222222
"Temple, TX",18 Months,985,390,363,162,50,76,36.85279188,46.91358025
"Terre Haute, IN",6 Months,468,207,391,64,37,85,83.54700855,132.8125
"Terre Haute, IN",12 Months,468,207,196,64,37,42,41.88034188,65.625
"Terre Haute, IN",18 Months,468,207,128,64,37,28,27.35042735,43.75
"Texarkana, AR",6 Months,656,383,558,90,62,122,85.06097561,135.5555556
"Texarkana, AR",12 Months,656,383,279,90,62,61,42.5304878,67.77777778
"Texarkana, AR",18 Months,656,383,182,90,62,40,27.74390244,44.44444444
"Toledo, OH",6 Months,2679,1122,2142,456,179,463,79.95520717,101.5350877
"Toledo, OH",12 Months,2679,1122,1071,456,179,232,39.97760358,50.87719298
"Toledo, OH",18 Months,2679,1122,699,456,179,151,26.09182531,33.11403509
"Topeka, KS",6 Months,1304,594,980,112,49,211,75.15337423,188.3928571
"Topeka, KS",12 Months,1304,594,490,112,49,106,37.57668712,94.64285714
"Topeka, KS",18 Months,1304,594,320,112,49,69,24.5398773,61.60714286
"Traverse City, MI",6 Months,756,293,547,26,7,123,72.35449735,473.0769231
"Traverse City, MI",12 Months,756,293,273,26,7,61,36.11111111,234.6153846
"Traverse City, MI",18 Months,756,293,178,26,7,40,23.54497354,153.8461538
"Tucson, AZ",6 Months,2677,1184,2754,335,161,607,102.8763541,181.1940299
"Tucson, AZ",12 Months,2677,1184,1377,335,161,304,51.43817706,90.74626866
"Tucson, AZ",18 Months,2677,1184,898,335,161,198,33.54501307,59.10447761
"Tulsa, OK",6 Months,4185,1783,2983,486,159,644,71.27837515,132.5102881
"Tulsa, OK",12 Months,4185,1783,1491,486,159,322,35.62724014,66.25514403
"Tulsa, OK",18 Months,4185,1783,973,486,159,210,23.24970131,43.20987654
"Tupelo, MS",6 Months,1634,818,860,104,61,185,52.63157895,177.8846154
"Tupelo, MS",12 Months,1634,818,430,104,61,93,26.31578947,89.42307692
"Tupelo, MS",18 Months,1634,818,280,104,61,60,17.13586291,57.69230769
"Tuscaloosa, AL",6 Months,1066,297,593,143,37,126,55.62851782,88.11188811
"Tuscaloosa, AL",12 Months,1066,297,297,143,37,63,27.86116323,44.05594406
"Tuscaloosa, AL",18 Months,1066,297,193,143,37,41,18.10506567,28.67132867
"Tyler, TX",6 Months,1338,527,1233,224,127,270,92.15246637,120.5357143
"Tyler, TX",12 Months,1338,527,616,224,127,135,46.03886398,60.26785714
"Tyler, TX",18 Months,1338,527,402,224,127,88,30.04484305,39.28571429
"Urbana, IL",6 Months,1047,480,1004,99,54,216,95.8930277,218.1818182
"Urbana, IL",12 Months,1047,480,502,99,54,108,47.94651385,109.0909091
"Urbana, IL",18 Months,1047,480,327,99,54,70,31.23209169,70.70707071
"Ventura, CA",6 Months,1087,278,1854,163,94,397,170.5611776,243.5582822
"Ventura, CA",12 Months,1087,278,927,163,94,199,85.28058878,122.0858896
"Ventura, CA",18 Months,1087,278,605,163,94,130,55.65777369,79.75460123
"Victoria, TX",6 Months,574,352,324,46,18,71,56.44599303,154.3478261
"Victoria, TX",12 Months,574,352,162,46,18,35,28.22299652,76.08695652
"Victoria, TX",18 Months,574,352,106,46,18,23,18.46689895,50
"Waco, TX",6 Months,720,261,738,60,24,160,102.5,266.6666667
"Waco, TX",12 Months,720,261,369,60,24,80,51.25,133.3333333
"Waco, TX",18 Months,720,261,241,60,24,52,33.47222222,86.66666667
"Washington, DC",6 Months,5055,1595,6000,601,218,1277,118.694362,212.4792013
"Washington, DC",12 Months,5055,1595,3000,601,218,638,59.34718101,106.156406
"Washington, DC",18 Months,5055,1595,1957,601,218,416,38.71414441,69.21797005
"Waterloo, IA",6 Months,668,340,471,36,19,103,70.50898204,286.1111111
"Waterloo, IA",12 Months,668,340,236,36,19,51,35.32934132,141.6666667
"Waterloo, IA",18 Months,668,340,154,36,19,33,23.05389222,91.66666667
"Wausau, WI",6 Months,403,152,428,72,45,94,106.2034739,130.5555556
"Wausau, WI",12 Months,403,152,214,72,45,47,53.10173697,65.27777778
"Wausau, WI",18 Months,403,152,139,72,45,31,34.49131514,43.05555556
"White Plains, NY",6 Months,2973,597,2498,243,137,539,84.02287252,221.8106996
"White Plains, NY",12 Months,2973,597,1249,243,137,270,42.01143626,111.1111111
"White Plains, NY",18 Months,2973,597,815,243,137,176,27.41338715,72.42798354
"Wichita Falls, TX",6 Months,516,298,432,24,8,94,83.72093023,391.6666667
"Wichita Falls, TX",12 Months,516,298,216,24,8,47,41.86046512,195.8333333
"Wichita Falls, TX",18 Months,516,298,141,24,8,30,27.3255814,125
"Wichita, KS",6 Months,4590,2225,2663,442,202,578,58.01742919,130.7692308
"Wichita, KS",12 Months,4590,2225,1331,442,202,289,28.99782135,65.38461538
"Wichita, KS",18 Months,4590,2225,868,442,202,188,18.91067538,42.53393665
"Wilkes-Barre, PA",6 Months,651,263,562,102,24,124,86.32872504,121.5686275
"Wilkes-Barre, PA",12 Months,651,263,281,102,24,62,43.16436252,60.78431373
"Wilkes-Barre, PA",18 Months,651,263,183,102,24,40,28.11059908,39.21568627
"Wilmington, DE",6 Months,1845,601,1766,237,62,379,95.71815718,159.9156118
"Wilmington, DE",12 Months,1845,601,883,237,62,189,47.85907859,79.74683544
"Wilmington, DE",18 Months,1845,601,576,237,62,124,31.2195122,52.32067511
"Wilmington, NC",6 Months,1005,251,1092,90,17,240,108.6567164,266.6666667
"Wilmington, NC",12 Months,1005,251,546,90,17,120,54.32835821,133.3333333
"Wilmington, NC",18 Months,1005,251,356,90,17,78,35.42288557,86.66666667
"Winchester, VA",6 Months,1051,357,981,84,22,213,93.3396765,253.5714286
"Winchester, VA",12 Months,1051,357,491,84,22,107,46.71741199,127.3809524
"Winchester, VA",18 Months,1051,357,320,84,22,70,30.44719315,83.33333333
"Winston-Salem, NC",6 Months,2870,843,2530,499,40,552,88.1533101,110.6212425
"Winston-Salem, NC",12 Months,2870,843,1265,499,40,276,44.07665505,55.31062124
"Winston-Salem, NC",18 Months,2870,843,825,499,40,180,28.7456446,36.07214429
"Worcester, MA",6 Months,1525,425,1807,169,43,387,118.4918033,228.9940828
"Worcester, MA",12 Months,1525,425,904,169,43,194,59.27868852,114.7928994
"Worcester, MA",18 Months,1525,425,589,169,43,126,38.62295082,74.55621302
"Yakima, WA",6 Months,369,200,611,58,33,131,165.5826558,225.862069
"Yakima, WA",12 Months,369,200,306,58,33,65,82.92682927,112.0689655
"Yakima, WA",18 Months,369,200,199,58,33,43,53.9295393,74.13793103
"York, PA",6 Months,868,267,963,79,8,210,110.9447005,265.8227848
"York, PA",12 Months,868,267,482,79,8,105,55.52995392,132.9113924
"York, PA",18 Months,868,267,314,79,8,68,36.17511521,86.07594937
"Youngstown, OH",6 Months,1555,543,1408,158,66,312,90.54662379,197.4683544
"Youngstown, OH",12 Months,1555,543,704,158,66,156,45.2733119,98.73417722
"Youngstown, OH",18 Months,1555,543,459,158,66,102,29.51768489,64.55696203
